"song_number","ID","gender","condition","age","time","answer","confidence","prefer","recognize","real_song","correct","system","system_numeric","overlap"
1,"kll12","Male","Condition A",45,"17/12/2022 11.12.10","B",3,"A","Yes","B",1,"machine",1,0
1,"plm34","Female","Condition A",23,"17/12/2022 11.47.17","A",3,"A","No","B",0,"machine",1,1
1,"Elk98","Female","Condition A",23,"17/12/2022 12.06.15","B",2,"B","No","B",1,"human",0,1
1,"adj13","Male","Condition A",23,"17/12/2022 12.22.24","A",2,"A","No","B",0,"machine",1,1
1,"hji67","Female","Condition A",22,"17/12/2022 13.09.28","A",4,"A","No","B",0,"machine",1,1
1,"ujk67","Female","Condition A",26,"17/12/2022 13.14.21","A",4,"A","No","B",0,"machine",1,1
1,"kjy43","Female","Condition A",23,"17/12/2022 13.15.53","A",1,"A","No","B",0,"machine",1,1
1,"Bob47","Male","Condition A",23,"17/12/2022 13.18.31","B",3,"B","No","B",1,"human",0,1
1,"Tkf46","Male","Condition A",50,"17/12/2022 14.09.52","B",4,"A","No","B",1,"machine",1,0
1,"aak17","Female","Condition A",17,"17/12/2022 17.28.56","B",3,"A","No","B",1,"machine",1,0
1,"hhg94","Female","Condition A",23,"17/12/2022 18.16.32","B",4,"B","No","B",1,"human",0,1
1,"lph12","Female","Condition A",27,"17/12/2022 20.59.36","B",3,"B","No","B",1,"human",0,1
1,"liw13","Female","Condition A",18,"18/12/2022 08.55.29","B",4,"A","No","B",1,"machine",1,0
1,"mkp11","Female","Condition A",24,"18/12/2022 11.39.37","B",1,"B","No","B",1,"human",0,1
2,"kll12","Male","Condition A",45,"17/12/2022 11.12.10","A",2,"B","Yes","B",0,"human",0,0
2,"plm34","Female","Condition A",23,"17/12/2022 11.47.17","B",2,"B","No","B",1,"human",0,1
2,"Elk98","Female","Condition A",23,"17/12/2022 12.06.15","A",4,"B","No","B",0,"human",0,0
2,"adj13","Male","Condition A",23,"17/12/2022 12.22.24","A",3,"A","No","B",0,"machine",1,1
2,"hji67","Female","Condition A",22,"17/12/2022 13.09.28","A",2,"A","No","B",0,"machine",1,1
2,"ujk67","Female","Condition A",26,"17/12/2022 13.14.21","A",2,"B","No","B",0,"human",0,0
2,"kjy43","Female","Condition A",23,"17/12/2022 13.15.53","B",3,"B","No","B",1,"human",0,1
2,"Bob47","Male","Condition A",23,"17/12/2022 13.18.31","A",3,"A","No","B",0,"machine",1,1
2,"Tkf46","Male","Condition A",50,"17/12/2022 14.09.52","A",3,"A","No","B",0,"machine",1,1
2,"aak17","Female","Condition A",17,"17/12/2022 17.28.56","B",4,"B","No","B",1,"human",0,1
2,"hhg94","Female","Condition A",23,"17/12/2022 18.16.32","A",2,"B","No","B",0,"human",0,0
2,"lph12","Female","Condition A",27,"17/12/2022 20.59.36","A",1,"B","No","B",0,"human",0,0
2,"liw13","Female","Condition A",18,"18/12/2022 08.55.29","B",2,"A","No","B",1,"machine",1,0
2,"mkp11","Female","Condition A",24,"18/12/2022 11.39.37","B",1,"B","No","B",1,"human",0,1
3,"kll12","Male","Condition A",45,"17/12/2022 11.12.10","A",2,"B","No","A",1,"machine",1,0
3,"plm34","Female","Condition A",23,"17/12/2022 11.47.17","A",1,"A","No","A",1,"human",0,1
3,"Elk98","Female","Condition A",23,"17/12/2022 12.06.15","A",1,"A","No","A",1,"human",0,1
3,"adj13","Male","Condition A",23,"17/12/2022 12.22.24","B",2,"A","No","A",0,"human",0,0
3,"hji67","Female","Condition A",22,"17/12/2022 13.09.28","B",1,"A","No","A",0,"human",0,0
3,"ujk67","Female","Condition A",26,"17/12/2022 13.14.21","B",3,"A","No","A",0,"human",0,0
3,"kjy43","Female","Condition A",23,"17/12/2022 13.15.53","A",1,"A","No","A",1,"human",0,1
3,"Bob47","Male","Condition A",23,"17/12/2022 13.18.31","B",4,"B","No","A",0,"machine",1,1
3,"Tkf46","Male","Condition A",50,"17/12/2022 14.09.52","A",5,"A","No","A",1,"human",0,1
3,"aak17","Female","Condition A",17,"17/12/2022 17.28.56","B",2,"A","No","A",0,"human",0,0
3,"hhg94","Female","Condition A",23,"17/12/2022 18.16.32","B",4,"A","No","A",0,"human",0,0
3,"lph12","Female","Condition A",27,"17/12/2022 20.59.36","B",4,"B","No","A",0,"machine",1,1
3,"liw13","Female","Condition A",18,"18/12/2022 08.55.29","B",2,"B","No","A",0,"machine",1,1
3,"mkp11","Female","Condition A",24,"18/12/2022 11.39.37","B",1,"B","No","A",0,"machine",1,1
4,"kll12","Male","Condition A",45,"17/12/2022 11.12.10","B",3,"A","No","A",0,"human",0,0
4,"plm34","Female","Condition A",23,"17/12/2022 11.47.17","B",1,"B","No","A",0,"machine",1,1
4,"Elk98","Female","Condition A",23,"17/12/2022 12.06.15","A",2,"A","No","A",1,"human",0,1
4,"adj13","Male","Condition A",23,"17/12/2022 12.22.24","B",2,"A","No","A",0,"human",0,0
4,"hji67","Female","Condition A",22,"17/12/2022 13.09.28","A",3,"A","No","A",1,"human",0,1
4,"ujk67","Female","Condition A",26,"17/12/2022 13.14.21","B",3,"B","No","A",0,"machine",1,1
4,"kjy43","Female","Condition A",23,"17/12/2022 13.15.53","A",4,"A","No","A",1,"human",0,1
4,"Bob47","Male","Condition A",23,"17/12/2022 13.18.31","A",4,"B","No","A",1,"machine",1,0
4,"Tkf46","Male","Condition A",50,"17/12/2022 14.09.52","A",5,"A","No","A",1,"human",0,1
4,"aak17","Female","Condition A",17,"17/12/2022 17.28.56","A",4,"A","No","A",1,"human",0,1
4,"hhg94","Female","Condition A",23,"17/12/2022 18.16.32","A",5,"A","Yes","A",1,"human",0,1
4,"lph12","Female","Condition A",27,"17/12/2022 20.59.36","A",4,"B","No","A",1,"machine",1,0
4,"liw13","Female","Condition A",18,"18/12/2022 08.55.29","B",2,"B","No","A",0,"machine",1,1
4,"mkp11","Female","Condition A",24,"18/12/2022 11.39.37","B",1,"A","No","A",0,"human",0,0
5,"kll12","Male","Condition A",45,"17/12/2022 11.12.10","B",2,"A","No","A",0,"human",0,0
5,"plm34","Female","Condition A",23,"17/12/2022 11.47.17","B",1,"B","No","A",0,"machine",1,1
5,"Elk98","Female","Condition A",23,"17/12/2022 12.06.15","A",3,"A","No","A",1,"human",0,1
5,"adj13","Male","Condition A",23,"17/12/2022 12.22.24","B",2,"A","No","A",0,"human",0,0
5,"hji67","Female","Condition A",22,"17/12/2022 13.09.28","A",2,"A","No","A",1,"human",0,1
5,"ujk67","Female","Condition A",26,"17/12/2022 13.14.21","B",3,"B","No","A",0,"machine",1,1
5,"kjy43","Female","Condition A",23,"17/12/2022 13.15.53","A",2,"B","No","A",1,"machine",1,0
5,"Bob47","Male","Condition A",23,"17/12/2022 13.18.31","A",4,"A","No","A",1,"human",0,1
5,"Tkf46","Male","Condition A",50,"17/12/2022 14.09.52","A",4,"A","No","A",1,"human",0,1
5,"aak17","Female","Condition A",17,"17/12/2022 17.28.56","A",4,"A","No","A",1,"human",0,1
5,"hhg94","Female","Condition A",23,"17/12/2022 18.16.32","A",5,"A","No","A",1,"human",0,1
5,"lph12","Female","Condition A",27,"17/12/2022 20.59.36","A",4,"A","No","A",1,"human",0,1
5,"liw13","Female","Condition A",18,"18/12/2022 08.55.29","A",2,"B","No","A",1,"machine",1,0
5,"mkp11","Female","Condition A",24,"18/12/2022 11.39.37","A",1,"A","No","A",1,"human",0,1
6,"kll12","Male","Condition A",45,"17/12/2022 11.12.10","B",2,"A","No","B",1,"machine",1,0
6,"plm34","Female","Condition A",23,"17/12/2022 11.47.17","B",1,"B","No","B",1,"human",0,1
6,"Elk98","Female","Condition A",23,"17/12/2022 12.06.15","A",1,"B","No","B",0,"human",0,0
6,"adj13","Male","Condition A",23,"17/12/2022 12.22.24","A",3,"B","No","B",0,"human",0,0
6,"hji67","Female","Condition A",22,"17/12/2022 13.09.28","B",2,"A","No","B",1,"machine",1,0
6,"ujk67","Female","Condition A",26,"17/12/2022 13.14.21","B",2,"A","No","B",1,"machine",1,0
6,"kjy43","Female","Condition A",23,"17/12/2022 13.15.53","B",1,"B","No","B",1,"human",0,1
6,"Bob47","Male","Condition A",23,"17/12/2022 13.18.31","B",3,"B","No","B",1,"human",0,1
6,"Tkf46","Male","Condition A",50,"17/12/2022 14.09.52","B",5,"B","No","B",1,"human",0,1
6,"aak17","Female","Condition A",17,"17/12/2022 17.28.56","A",3,"A","No","B",0,"machine",1,1
6,"hhg94","Female","Condition A",23,"17/12/2022 18.16.32","B",5,"B","No","B",1,"human",0,1
6,"lph12","Female","Condition A",27,"17/12/2022 20.59.36","B",2,"A","No","B",1,"machine",1,0
6,"liw13","Female","Condition A",18,"18/12/2022 08.55.29","A",1,"A","No","B",0,"machine",1,1
6,"mkp11","Female","Condition A",24,"18/12/2022 11.39.37","A",1,"A","No","B",0,"machine",1,1
7,"kll12","Male","Condition A",45,"17/12/2022 11.12.10","A",2,"B","No","A",1,"machine",1,0
7,"plm34","Female","Condition A",23,"17/12/2022 11.47.17","B",1,"A","No","A",0,"human",0,0
7,"Elk98","Female","Condition A",23,"17/12/2022 12.06.15","B",4,"B","No","A",0,"machine",1,1
7,"adj13","Male","Condition A",23,"17/12/2022 12.22.24","A",3,"A","No","A",1,"human",0,1
7,"hji67","Female","Condition A",22,"17/12/2022 13.09.28","B",4,"B","No","A",0,"machine",1,1
7,"ujk67","Female","Condition A",26,"17/12/2022 13.14.21","B",4,"B","No","A",0,"machine",1,1
7,"kjy43","Female","Condition A",23,"17/12/2022 13.15.53","A",1,"B","No","A",1,"machine",1,0
7,"Bob47","Male","Condition A",23,"17/12/2022 13.18.31","A",3,"A","No","A",1,"human",0,1
7,"Tkf46","Male","Condition A",50,"17/12/2022 14.09.52","B",4,"A","Yes","A",0,"human",0,0
7,"aak17","Female","Condition A",17,"17/12/2022 17.28.56","B",3,"B","No","A",0,"machine",1,1
7,"hhg94","Female","Condition A",23,"17/12/2022 18.16.32","A",3,"B","No","A",1,"machine",1,0
7,"lph12","Female","Condition A",27,"17/12/2022 20.59.36","B",3,"B","No","A",0,"machine",1,1
7,"liw13","Female","Condition A",18,"18/12/2022 08.55.29","B",2,"A","No","A",0,"human",0,0
7,"mkp11","Female","Condition A",24,"18/12/2022 11.39.37","A",1,"A","No","A",1,"human",0,1
8,"kll12","Male","Condition A",45,"17/12/2022 11.12.10","B",3,"B","Yes","B",1,"human",0,1
8,"plm34","Female","Condition A",23,"17/12/2022 11.47.17","B",1,"B","No","B",1,"human",0,1
8,"Elk98","Female","Condition A",23,"17/12/2022 12.06.15","A",2,"A","No","B",0,"machine",1,1
8,"adj13","Male","Condition A",23,"17/12/2022 12.22.24","A",2,"A","No","B",0,"machine",1,1
8,"hji67","Female","Condition A",22,"17/12/2022 13.09.28","B",3,"B","No","B",1,"human",0,1
8,"ujk67","Female","Condition A",26,"17/12/2022 13.14.21","B",2,"B","No","B",1,"human",0,1
8,"kjy43","Female","Condition A",23,"17/12/2022 13.15.53","B",1,"B","No","B",1,"human",0,1
8,"Bob47","Male","Condition A",23,"17/12/2022 13.18.31","B",4,"B","No","B",1,"human",0,1
8,"Tkf46","Male","Condition A",50,"17/12/2022 14.09.52","B",4,"B","No","B",1,"human",0,1
8,"aak17","Female","Condition A",17,"17/12/2022 17.28.56","B",4,"B","No","B",1,"human",0,1
8,"hhg94","Female","Condition A",23,"17/12/2022 18.16.32","B",5,"B","No","B",1,"human",0,1
8,"lph12","Female","Condition A",27,"17/12/2022 20.59.36","A",2,"A","No","B",0,"machine",1,1
8,"liw13","Female","Condition A",18,"18/12/2022 08.55.29","A",2,"B","No","B",0,"human",0,0
8,"mkp11","Female","Condition A",24,"18/12/2022 11.39.37","A",1,"A","No","B",0,"machine",1,1
9,"kll12","Male","Condition A",45,"17/12/2022 11.12.10","B",2,"B","Yes","B",1,"human",0,1
9,"plm34","Female","Condition A",23,"17/12/2022 11.47.17","B",1,"B","No","B",1,"human",0,1
9,"Elk98","Female","Condition A",23,"17/12/2022 12.06.15","A",3,"A","No","B",0,"machine",1,1
9,"adj13","Male","Condition A",23,"17/12/2022 12.22.24","B",1,"A","No","B",1,"machine",1,0
9,"hji67","Female","Condition A",22,"17/12/2022 13.09.28","B",2,"B","No","B",1,"human",0,1
9,"ujk67","Female","Condition A",26,"17/12/2022 13.14.21","A",4,"A","No","B",0,"machine",1,1
9,"kjy43","Female","Condition A",23,"17/12/2022 13.15.53","A",1,"A","No","B",0,"machine",1,1
9,"Bob47","Male","Condition A",23,"17/12/2022 13.18.31","A",1,"A","No","B",0,"machine",1,1
9,"Tkf46","Male","Condition A",50,"17/12/2022 14.09.52","A",4,"A","No","B",0,"machine",1,1
9,"aak17","Female","Condition A",17,"17/12/2022 17.28.56","B",2,"A","No","B",1,"machine",1,0
9,"hhg94","Female","Condition A",23,"17/12/2022 18.16.32","B",5,"B","No","B",1,"human",0,1
9,"lph12","Female","Condition A",27,"17/12/2022 20.59.36","B",5,"A","No","B",1,"machine",1,0
9,"liw13","Female","Condition A",18,"18/12/2022 08.55.29","B",3,"A","No","B",1,"machine",1,0
9,"mkp11","Female","Condition A",24,"18/12/2022 11.39.37","B",1,"A","No","B",1,"machine",1,0
10,"kll12","Male","Condition A",45,"17/12/2022 11.12.10","B",3,"B","No","A",0,"machine",1,1
10,"plm34","Female","Condition A",23,"17/12/2022 11.47.17","A",1,"B","No","A",1,"machine",1,0
10,"Elk98","Female","Condition A",23,"17/12/2022 12.06.15","B",4,"B","No","A",0,"machine",1,1
10,"adj13","Male","Condition A",23,"17/12/2022 12.22.24","A",2,"A","No","A",1,"human",0,1
10,"hji67","Female","Condition A",22,"17/12/2022 13.09.28","B",3,"A","No","A",0,"human",0,0
10,"ujk67","Female","Condition A",26,"17/12/2022 13.14.21","A",2,"A","No","A",1,"human",0,1
10,"kjy43","Female","Condition A",23,"17/12/2022 13.15.53","B",2,"B","No","A",0,"machine",1,1
10,"Bob47","Male","Condition A",23,"17/12/2022 13.18.31","B",4,"B","No","A",0,"machine",1,1
10,"Tkf46","Male","Condition A",50,"17/12/2022 14.09.52","A",5,"A","No","A",1,"human",0,1
10,"aak17","Female","Condition A",17,"17/12/2022 17.28.56","B",3,"A","No","A",0,"human",0,0
10,"hhg94","Female","Condition A",23,"17/12/2022 18.16.32","B",5,"A","No","A",0,"human",0,0
10,"lph12","Female","Condition A",27,"17/12/2022 20.59.36","B",4,"B","No","A",0,"machine",1,1
10,"liw13","Female","Condition A",18,"18/12/2022 08.55.29","B",1,"B","No","A",0,"machine",1,1
10,"mkp11","Female","Condition A",24,"18/12/2022 11.39.37","A",1,"A","No","A",1,"human",0,1
1,"Mrk33","Female","Condition B",22,"17/12/2022 11.42.10","B",4,"B","No","A",0,"machine",1,1
1,"Lis52","Female","Condition B",52,"17/12/2022 11.43.27","B",4,"B","No","A",0,"machine",1,1
1,"cha69","Female","Condition B",20,"17/12/2022 11.45.09","A",4,"A","No","A",1,"human",0,1
1,"Bro11","Female","Condition B",22,"17/12/2022 11.47.10","A",2,"A","No","A",1,"human",0,1
1,"lol01","Male","Condition B",26,"17/12/2022 11.51.23","A",1,"A","No","A",1,"human",0,1
1,"Hjo88","Female","Condition B",23,"17/12/2022 11.56.03","B",3,"B","No","A",0,"machine",1,1
1,"tym92","Male","Condition B",22,"17/12/2022 12.31.57","B",3,"B","No","A",0,"machine",1,1
1,"Lol70","Male","Condition B",28,"17/12/2022 12.32.44","A",2,"A","No","A",1,"human",0,1
1,"Ooo00","Female","Condition B",24,"17/12/2022 12.57.46","B",5,"B","No","A",0,"machine",1,1
1,"prh83","Female","Condition B",23,"17/12/2022 13.37.05","B",3,"B","No","A",0,"machine",1,1
1,"asd12","Male","Condition B",25,"17/12/2022 18.03.08","A",1,"A","No","A",1,"human",0,1
1,"pln63","Male","Condition B",59,"17/12/2022 19.23.00","A",3,"A","No","A",1,"human",0,1
1,"jsg25","Male","Condition B",24,"18/12/2022 10.30.58","B",2,"A","No","A",0,"human",0,0
1,"Glu47","Female","Condition B",27,"18/12/2022 11.41.42","B",2,"B","No","A",0,"machine",1,1
1,"pic54","Male","Condition B",22,"18/12/2022 20.58.09","B",5,"B","No","A",0,"machine",1,1
2,"Mrk33","Female","Condition B",22,"17/12/2022 11.42.10","A",3,"B","No","B",0,"human",0,0
2,"Lis52","Female","Condition B",52,"17/12/2022 11.43.27","B",4,"B","No","B",1,"human",0,1
2,"cha69","Female","Condition B",20,"17/12/2022 11.45.09","A",3,"A","No","B",0,"machine",1,1
2,"Bro11","Female","Condition B",22,"17/12/2022 11.47.10","B",2,"B","No","B",1,"human",0,1
2,"lol01","Male","Condition B",26,"17/12/2022 11.51.23","A",1,"B","No","B",0,"human",0,0
2,"Hjo88","Female","Condition B",23,"17/12/2022 11.56.03","B",4,"B","No","B",1,"human",0,1
2,"tym92","Male","Condition B",22,"17/12/2022 12.31.57","A",3,"A","No","B",0,"machine",1,1
2,"Lol70","Male","Condition B",28,"17/12/2022 12.32.44","B",2,"B","No","B",1,"human",0,1
2,"Ooo00","Female","Condition B",24,"17/12/2022 12.57.46","B",5,"B","No","B",1,"human",0,1
2,"prh83","Female","Condition B",23,"17/12/2022 13.37.05","A",3,"B","No","B",0,"human",0,0
2,"asd12","Male","Condition B",25,"17/12/2022 18.03.08","A",1,"A","No","B",0,"machine",1,1
2,"pln63","Male","Condition B",59,"17/12/2022 19.23.00","A",3,"A","No","B",0,"machine",1,1
2,"jsg25","Male","Condition B",24,"18/12/2022 10.30.58","B",3,"B","No","B",1,"human",0,1
2,"Glu47","Female","Condition B",27,"18/12/2022 11.41.42","B",2,"A","No","B",1,"machine",1,0
2,"pic54","Male","Condition B",22,"18/12/2022 20.58.09","B",3,"B","No","B",1,"human",0,1
3,"Mrk33","Female","Condition B",22,"17/12/2022 11.42.10","B",3,"A","No","B",1,"machine",1,0
3,"Lis52","Female","Condition B",52,"17/12/2022 11.43.27","A",3,"A","No","B",0,"machine",1,1
3,"cha69","Female","Condition B",20,"17/12/2022 11.45.09","B",4,"B","No","B",1,"human",0,1
3,"Bro11","Female","Condition B",22,"17/12/2022 11.47.10","A",2,"A","No","B",0,"machine",1,1
3,"lol01","Male","Condition B",26,"17/12/2022 11.51.23","B",2,"B","No","B",1,"human",0,1
3,"Hjo88","Female","Condition B",23,"17/12/2022 11.56.03","B",4,"B","No","B",1,"human",0,1
3,"tym92","Male","Condition B",22,"17/12/2022 12.31.57","A",3,"A","No","B",0,"machine",1,1
3,"Lol70","Male","Condition B",28,"17/12/2022 12.32.44","A",2,"A","No","B",0,"machine",1,1
3,"Ooo00","Female","Condition B",24,"17/12/2022 12.57.46","A",4,"A","No","B",0,"machine",1,1
3,"prh83","Female","Condition B",23,"17/12/2022 13.37.05","A",3,"A","No","B",0,"machine",1,1
3,"asd12","Male","Condition B",25,"17/12/2022 18.03.08","A",1,"A","No","B",0,"machine",1,1
3,"pln63","Male","Condition B",59,"17/12/2022 19.23.00","B",2,"A","No","B",1,"machine",1,0
3,"jsg25","Male","Condition B",24,"18/12/2022 10.30.58","B",4,"B","No","B",1,"human",0,1
3,"Glu47","Female","Condition B",27,"18/12/2022 11.41.42","A",3,"A","No","B",0,"machine",1,1
3,"pic54","Male","Condition B",22,"18/12/2022 20.58.09","A",2,"B","No","B",0,"human",0,0
4,"Mrk33","Female","Condition B",22,"17/12/2022 11.42.10","A",2,"A","No","A",1,"human",0,1
4,"Lis52","Female","Condition B",52,"17/12/2022 11.43.27","A",3,"A","No","A",1,"human",0,1
4,"cha69","Female","Condition B",20,"17/12/2022 11.45.09","A",3,"A","No","A",1,"human",0,1
4,"Bro11","Female","Condition B",22,"17/12/2022 11.47.10","B",4,"B","No","A",0,"machine",1,1
4,"lol01","Male","Condition B",26,"17/12/2022 11.51.23","A",4,"A","No","A",1,"human",0,1
4,"Hjo88","Female","Condition B",23,"17/12/2022 11.56.03","B",5,"A","No","A",0,"human",0,0
4,"tym92","Male","Condition B",22,"17/12/2022 12.31.57","A",3,"B","No","A",1,"machine",1,0
4,"Lol70","Male","Condition B",28,"17/12/2022 12.32.44","B",1,"B","No","A",0,"machine",1,1
4,"Ooo00","Female","Condition B",24,"17/12/2022 12.57.46","A",3,"B","No","A",1,"machine",1,0
4,"prh83","Female","Condition B",23,"17/12/2022 13.37.05","B",2,"B","No","A",0,"machine",1,1
4,"asd12","Male","Condition B",25,"17/12/2022 18.03.08","A",1,"B","No","A",1,"machine",1,0
4,"pln63","Male","Condition B",59,"17/12/2022 19.23.00","A",4,"A","No","A",1,"human",0,1
4,"jsg25","Male","Condition B",24,"18/12/2022 10.30.58","A",2,"A","No","A",1,"human",0,1
4,"Glu47","Female","Condition B",27,"18/12/2022 11.41.42","A",2,"A","No","A",1,"human",0,1
4,"pic54","Male","Condition B",22,"18/12/2022 20.58.09","B",3,"A","No","A",0,"human",0,0
5,"Mrk33","Female","Condition B",22,"17/12/2022 11.42.10","B",1,"A","No","B",1,"machine",1,0
5,"Lis52","Female","Condition B",52,"17/12/2022 11.43.27","A",4,"A","No","B",0,"machine",1,1
5,"cha69","Female","Condition B",20,"17/12/2022 11.45.09","B",2,"B","No","B",1,"human",0,1
5,"Bro11","Female","Condition B",22,"17/12/2022 11.47.10","B",3,"B","No","B",1,"human",0,1
5,"lol01","Male","Condition B",26,"17/12/2022 11.51.23","B",4,"B","No","B",1,"human",0,1
5,"Hjo88","Female","Condition B",23,"17/12/2022 11.56.03","B",3,"B","No","B",1,"human",0,1
5,"tym92","Male","Condition B",22,"17/12/2022 12.31.57","A",2,"A","No","B",0,"machine",1,1
5,"Lol70","Male","Condition B",28,"17/12/2022 12.32.44","A",2,"A","No","B",0,"machine",1,1
5,"Ooo00","Female","Condition B",24,"17/12/2022 12.57.46","A",3,"B","No","B",0,"human",0,0
5,"prh83","Female","Condition B",23,"17/12/2022 13.37.05","A",2,"A","No","B",0,"machine",1,1
5,"asd12","Male","Condition B",25,"17/12/2022 18.03.08","B",1,"B","No","B",1,"human",0,1
5,"pln63","Male","Condition B",59,"17/12/2022 19.23.00","A",3,"A","No","B",0,"machine",1,1
5,"jsg25","Male","Condition B",24,"18/12/2022 10.30.58","B",2,"B","No","B",1,"human",0,1
5,"Glu47","Female","Condition B",27,"18/12/2022 11.41.42","B",3,"B","No","B",1,"human",0,1
5,"pic54","Male","Condition B",22,"18/12/2022 20.58.09","B",4,"B","No","B",1,"human",0,1
6,"Mrk33","Female","Condition B",22,"17/12/2022 11.42.10","A",4,"A","No","A",1,"human",0,1
6,"Lis52","Female","Condition B",52,"17/12/2022 11.43.27","A",4,"B","No","A",1,"machine",1,0
6,"cha69","Female","Condition B",20,"17/12/2022 11.45.09","A",3,"A","No","A",1,"human",0,1
6,"Bro11","Female","Condition B",22,"17/12/2022 11.47.10","A",3,"B","No","A",1,"machine",1,0
6,"lol01","Male","Condition B",26,"17/12/2022 11.51.23","A",3,"A","No","A",1,"human",0,1
6,"Hjo88","Female","Condition B",23,"17/12/2022 11.56.03","A",3,"A","No","A",1,"human",0,1
6,"tym92","Male","Condition B",22,"17/12/2022 12.31.57","B",1,"B","No","A",0,"machine",1,1
6,"Lol70","Male","Condition B",28,"17/12/2022 12.32.44","A",2,"A","No","A",1,"human",0,1
6,"Ooo00","Female","Condition B",24,"17/12/2022 12.57.46","B",2,"A","No","A",0,"human",0,0
6,"prh83","Female","Condition B",23,"17/12/2022 13.37.05","B",3,"B","No","A",0,"machine",1,1
6,"asd12","Male","Condition B",25,"17/12/2022 18.03.08","B",1,"B","No","A",0,"machine",1,1
6,"pln63","Male","Condition B",59,"17/12/2022 19.23.00","A",2,"A","No","A",1,"human",0,1
6,"jsg25","Male","Condition B",24,"18/12/2022 10.30.58","A",4,"A","No","A",1,"human",0,1
6,"Glu47","Female","Condition B",27,"18/12/2022 11.41.42","A",3,"A","No","A",1,"human",0,1
6,"pic54","Male","Condition B",22,"18/12/2022 20.58.09","A",1,"A","No","A",1,"human",0,1
7,"Mrk33","Female","Condition B",22,"17/12/2022 11.42.10","B",1,"B","No","A",0,"machine",1,1
7,"Lis52","Female","Condition B",52,"17/12/2022 11.43.27","B",3,"B","No","A",0,"machine",1,1
7,"cha69","Female","Condition B",20,"17/12/2022 11.45.09","B",5,"B","No","A",0,"machine",1,1
7,"Bro11","Female","Condition B",22,"17/12/2022 11.47.10","A",2,"A","No","A",1,"human",0,1
7,"lol01","Male","Condition B",26,"17/12/2022 11.51.23","A",3,"B","No","A",1,"machine",1,0
7,"Hjo88","Female","Condition B",23,"17/12/2022 11.56.03","B",2,"A","No","A",0,"human",0,0
7,"tym92","Male","Condition B",22,"17/12/2022 12.31.57","B",4,"B","No","A",0,"machine",1,1
7,"Lol70","Male","Condition B",28,"17/12/2022 12.32.44","A",3,"A","No","A",1,"human",0,1
7,"Ooo00","Female","Condition B",24,"17/12/2022 12.57.46","B",3,"B","No","A",0,"machine",1,1
7,"prh83","Female","Condition B",23,"17/12/2022 13.37.05","A",3,"B","No","A",1,"machine",1,0
7,"asd12","Male","Condition B",25,"17/12/2022 18.03.08","B",1,"B","No","A",0,"machine",1,1
7,"pln63","Male","Condition B",59,"17/12/2022 19.23.00","A",3,"B","No","A",1,"machine",1,0
7,"jsg25","Male","Condition B",24,"18/12/2022 10.30.58","A",3,"A","No","A",1,"human",0,1
7,"Glu47","Female","Condition B",27,"18/12/2022 11.41.42","B",3,"A","No","A",0,"human",0,0
7,"pic54","Male","Condition B",22,"18/12/2022 20.58.09","A",1,"B","No","A",1,"machine",1,0
8,"Mrk33","Female","Condition B",22,"17/12/2022 11.42.10","B",4,"B","No","B",1,"human",0,1
8,"Lis52","Female","Condition B",52,"17/12/2022 11.43.27","B",4,"B","No","B",1,"human",0,1
8,"cha69","Female","Condition B",20,"17/12/2022 11.45.09","A",2,"B","No","B",0,"human",0,0
8,"Bro11","Female","Condition B",22,"17/12/2022 11.47.10","A",1,"A","No","B",0,"machine",1,1
8,"lol01","Male","Condition B",26,"17/12/2022 11.51.23","B",3,"B","No","B",1,"human",0,1
8,"Hjo88","Female","Condition B",23,"17/12/2022 11.56.03","B",4,"B","No","B",1,"human",0,1
8,"tym92","Male","Condition B",22,"17/12/2022 12.31.57","A",1,"A","No","B",0,"machine",1,1
8,"Lol70","Male","Condition B",28,"17/12/2022 12.32.44","A",2,"A","No","B",0,"machine",1,1
8,"Ooo00","Female","Condition B",24,"17/12/2022 12.57.46","B",3,"B","No","B",1,"human",0,1
8,"prh83","Female","Condition B",23,"17/12/2022 13.37.05","B",2,"A","No","B",1,"machine",1,0
8,"asd12","Male","Condition B",25,"17/12/2022 18.03.08","B",3,"A","Yes","B",1,"machine",1,0
8,"pln63","Male","Condition B",59,"17/12/2022 19.23.00","A",3,"A","No","B",0,"machine",1,1
8,"jsg25","Male","Condition B",24,"18/12/2022 10.30.58","B",2,"B","No","B",1,"human",0,1
8,"Glu47","Female","Condition B",27,"18/12/2022 11.41.42","B",3,"B","No","B",1,"human",0,1
8,"pic54","Male","Condition B",22,"18/12/2022 20.58.09","B",3,"B","No","B",1,"human",0,1
9,"Mrk33","Female","Condition B",22,"17/12/2022 11.42.10","A",4,"A","No","A",1,"human",0,1
9,"Lis52","Female","Condition B",52,"17/12/2022 11.43.27","B",3,"B","No","A",0,"machine",1,1
9,"cha69","Female","Condition B",20,"17/12/2022 11.45.09","B",1,"A","No","A",0,"human",0,0
9,"Bro11","Female","Condition B",22,"17/12/2022 11.47.10","A",1,"B","No","A",1,"machine",1,0
9,"lol01","Male","Condition B",26,"17/12/2022 11.51.23","A",3,"B","No","A",1,"machine",1,0
9,"Hjo88","Female","Condition B",23,"17/12/2022 11.56.03","A",3,"A","No","A",1,"human",0,1
9,"tym92","Male","Condition B",22,"17/12/2022 12.31.57","B",4,"B","No","A",0,"machine",1,1
9,"Lol70","Male","Condition B",28,"17/12/2022 12.32.44","A",2,"A","No","A",1,"human",0,1
9,"Ooo00","Female","Condition B",24,"17/12/2022 12.57.46","B",3,"B","No","A",0,"machine",1,1
9,"prh83","Female","Condition B",23,"17/12/2022 13.37.05","A",2,"B","No","A",1,"machine",1,0
9,"asd12","Male","Condition B",25,"17/12/2022 18.03.08","A",1,"A","No","A",1,"human",0,1
9,"pln63","Male","Condition B",59,"17/12/2022 19.23.00","B",3,"B","No","A",0,"machine",1,1
9,"jsg25","Male","Condition B",24,"18/12/2022 10.30.58","A",2,"A","No","A",1,"human",0,1
9,"Glu47","Female","Condition B",27,"18/12/2022 11.41.42","A",3,"A","No","A",1,"human",0,1
9,"pic54","Male","Condition B",22,"18/12/2022 20.58.09","A",4,"B","No","A",1,"machine",1,0
10,"Mrk33","Female","Condition B",22,"17/12/2022 11.42.10","A",2,"A","No","B",0,"machine",1,1
10,"Lis52","Female","Condition B",52,"17/12/2022 11.43.27","A",4,"A","No","B",0,"machine",1,1
10,"cha69","Female","Condition B",20,"17/12/2022 11.45.09","A",2,"B","No","B",0,"human",0,0
10,"Bro11","Female","Condition B",22,"17/12/2022 11.47.10","B",1,"B","No","B",1,"human",0,1
10,"lol01","Male","Condition B",26,"17/12/2022 11.51.23","A",1,"B","No","B",0,"human",0,0
10,"Hjo88","Female","Condition B",23,"17/12/2022 11.56.03","B",3,"B","No","B",1,"human",0,1
10,"tym92","Male","Condition B",22,"17/12/2022 12.31.57","A",2,"A","No","B",0,"machine",1,1
10,"Lol70","Male","Condition B",28,"17/12/2022 12.32.44","A",3,"A","No","B",0,"machine",1,1
10,"Ooo00","Female","Condition B",24,"17/12/2022 12.57.46","B",3,"A","No","B",1,"machine",1,0
10,"prh83","Female","Condition B",23,"17/12/2022 13.37.05","B",3,"A","No","B",1,"machine",1,0
10,"asd12","Male","Condition B",25,"17/12/2022 18.03.08","A",1,"A","No","B",0,"machine",1,1
10,"pln63","Male","Condition B",59,"17/12/2022 19.23.00","A",3,"A","No","B",0,"machine",1,1
10,"jsg25","Male","Condition B",24,"18/12/2022 10.30.58","B",2,"B","No","B",1,"human",0,1
10,"Glu47","Female","Condition B",27,"18/12/2022 11.41.42","A",4,"A","No","B",0,"machine",1,1
10,"pic54","Male","Condition B",22,"18/12/2022 20.58.09","B",4,"B","No","B",1,"human",0,1
